[{
  "_id": {
    "$oid": "66ec8d891ca8f20776a07fba"
  },
  "id": 1,
  "titulo": "Inception",
  "tematica": "Ciencia Ficción",
  "fecha_estreno": "2010-07-16",
  "puntuacion": 8.8,
  "categoria": "Película",
  "descripcion": "Un ladrón especializado en extraer información de los sueños de las personas es contratado para una tarea de inserción de ideas en la mente de un magnate."
},
{
  "_id": {
    "$oid": "66ec8d891ca8f20776a07fbb"
  },
  "id": 2,
  "titulo": "The Dark Knight",
  "tematica": "Acción",
  "fecha_estreno": "2008-07-18",
  "puntuacion": 9,
  "categoria": "Película",
  "descripcion": "Batman se enfrenta a su mayor enemigo, el Joker, en una batalla por salvar a Gotham City del caos total.",
  "portada": "https://www.imdb.com/title/tt0468569/mediaviewer/rm4264853760"
},
{
  "_id": {
    "$oid": "66ec8d891ca8f20776a07fbc"
  },
  "id": 3,
  "titulo": "Forrest Gump",
  "tematica": "Drama",
  "fecha_estreno": "1994-07-06",
  "puntuacion": 8.8,
  "categoria": "Película",
  "descripcion": "La vida de un hombre simple pero extraordinario que se convierte en testigo de importantes momentos históricos en Estados Unidos."
},
{
  "_id": {
    "$oid": "66ec8d891ca8f20776a07fbd"
  },
  "id": 4,
  "titulo": "Pulp Fiction",
  "tematica": "Crimen",
  "fecha_estreno": "1994-10-14",
  "puntuacion": 8.9,
  "categoria": "Película",
  "descripcion": "Historias interconectadas de criminales en Los Ángeles que exploran la violencia, la redención y la moralidad."
},
{
  "_id": {
    "$oid": "66ec8d891ca8f20776a07fbe"
  },
  "id": 5,
  "titulo": "The Shawshank Redemption",
  "tematica": "Drama",
  "fecha_estreno": "1994-09-23",
  "puntuacion": 9.3,
  "categoria": "Película",
  "descripcion": "Un banquero condenado por el asesinato de su esposa encuentra consuelo y redención a través de la amistad y los actos de bondad en la prisión de Shawshank."
},
{
  "_id": {
    "$oid": "66ec8d891ca8f20776a07fbf"
  },
  "id": 6,
  "titulo": "The Matrix",
  "tematica": "Ciencia Ficción",
  "fecha_estreno": "1999-03-31",
  "puntuacion": 8.7,
  "categoria": "Película",
  "descripcion": "Un hacker descubre que la realidad es una simulación creada por máquinas y se une a una rebelión para liberar a la humanidad."
},
{
  "_id": {
    "$oid": "66ec8d891ca8f20776a07fc0"
  },
  "id": 7,
  "titulo": "The Godfather",
  "tematica": "Crimen",
  "fecha_estreno": "1972-03-24",
  "puntuacion": 9.2,
  "categoria": "Película",
  "descripcion": "La saga de la familia Corleone, una de las más poderosas familias de la mafia en Estados Unidos."
},
{
  "_id": {
    "$oid": "66ec8d891ca8f20776a07fc1"
  },
  "id": 8,
  "titulo": "Schindler's List",
  "tematica": "Histórica",
  "fecha_estreno": "1993-12-15",
  "puntuacion": 9,
  "categoria": "Película",
  "descripcion": "La historia real de Oskar Schindler, quien salvó a más de mil judíos durante el Holocausto."
},
{
  "_id": {
    "$oid": "66ec8d891ca8f20776a07fc2"
  },
  "id": 9,
  "titulo": "The Lord of the Rings: The Fellowship of the Ring",
  "tematica": "Fantasía",
  "fecha_estreno": "2001-12-19",
  "puntuacion": 8.8,
  "categoria": "Película",
  "descripcion": "Un grupo de héroes inicia una peligrosa misión para destruir un anillo mágico y salvar la Tierra Media del Señor Oscuro Sauron."
},
{
  "_id": {
    "$oid": "66ec8d891ca8f20776a07fc3"
  },
  "id": 10,
  "titulo": "Star Wars: Episode IV - A New Hope",
  "tematica": "Ciencia Ficción",
  "fecha_estreno": "1977-05-25",
  "puntuacion": 8.6,
  "categoria": "Película",
  "descripcion": "Un joven granjero se une a una lucha intergaláctica contra un imperio opresivo liderado por Darth Vader."
},
{
  "_id": {
    "$oid": "66ec8d891ca8f20776a07fc4"
  },
  "id": 11,
  "titulo": "asd",
  "tematica": "asd",
  "fecha_estreno": "2024-12-12",
  "puntuacion": "12",
  "categoria": "12",
  "descripcion": "12"
},
{
  "_id": {
    "$oid": "66ec8d891ca8f20776a07fc5"
  },
  "titulo": "asd",
  "tematica": "asd",
  "fecha_estreno": "2024-12-12",
  "puntuacion": "12",
  "categoria": "12",
  "descripcion": "12",
  "id": 12
},
{
  "_id": {
    "$oid": "66ec8d891ca8f20776a07fc6"
  },
  "id": 13,
  "titulo": "asd",
  "tematica": "asd",
  "fecha_estreno": "2024-12-12",
  "puntuacion": "12",
  "categoria": "12",
  "descripcion": "12"
},
{
  "_id": {
    "$oid": "66ec8d891ca8f20776a07fc7"
  },
  "id": 14,
  "titulo": "asd",
  "tematica": "adasd",
  "fecha_estreno": "2024-09-18",
  "puntuacion": "12",
  "categoria": "asd",
  "descripcion": "asd"
},
{
  "_id": {
    "$oid": "66ec8d891ca8f20776a07fc8"
  },
  "id": "15",
  "titulo": "Actualizado!",
  "tematica": "SOLICITUD",
  "fecha_estreno": "2024-09-18",
  "puntuacion": 100,
  "categoria": "asd",
  "descripcion": "asd",
  "eliminado": true
},
{
  "_id": {
    "$oid": "66ec8d891ca8f20776a07fc9"
  },
  "id": "16",
  "titulo": "Actualizado desde api",
  "descripcion": "Nuevo valor"
}]